Name,2PRACE,Hispanic,API,Black,AIAN,White
Jim Parsons,0.0003239817003098596,0.0010145862784897621,0.0008803742187159392,0.007055858989316202,0.0011027876758460584,0.9896224111373222
Ben Aldridge,0.0004755151523295987,0.002312683317123277,0.0016814466323469826,0.0357838389548677,0.0012699719493475107,0.958476543993985
Sally Field,0.0005097631511591302,0.0041268941322648404,0.005897404377221099,0.008267630388116077,0.0009508719132317565,0.980247436038007
Bill Irwin,0.00029873495451201326,0.0008288513633355224,0.000948041126229717,0.004722217269562894,0.0012175151551030506,0.9919846401312569
Jeffery Self,0.00039254492226483404,0.0012201230208571038,0.0007878847917724775,0.017632033839849653,0.002587567891640473,0.9773798455336156
Booboo Stewart,0.0007721976462510251,0.00895208475357061,0.004028469981152132,0.08428597367216398,0.004899179571463808,0.8970620943753985
Scarlett Sperduto,0.0005892513131298267,0.016758610682079383,0.0007465072558064793,0.0008358857844665498,0.000111053757404806,0.980958691207113
Nils Allen Stewart,0.00040276399759677113,0.002311956536887003,0.0008920340413472791,0.023403600666943605,0.0012425590869980766,0.9717470856702273
Bryson JonSteele,0.0006217780466077223,0.01689267520244982,0.01437768756162133,0.05042730302865577,0.002363229799308343,0.915317326361357
Josh Bradshaw,0.00040288702668051494,0.002613316780930696,0.0006943782442818174,0.0393825291223416,0.0010873584846745937,0.9558195303410908
Robert Baker,0.00042658443829534585,0.0031201175129852233,0.0009987438190831842,0.03529414053663572,0.0016230109430996188,0.958537402749901
Brent Chase,0.0003861494915392922,0.0011883428401822523,0.0007643595645698247,0.026971952527035103,0.003151763334031694,0.9675374322426418
Katie Savoy,0.0005930745870247494,0.0018789304505014092,0.0012280051330574168,0.1193803229885573,0.0030334523101850485,0.8738862145306742
Mark Hamill,0.00031954666724668405,0.0032231524578946753,0.002800562181470885,0.0012869045267423246,0.001536756810931931,0.9908330773557135
Ben Messmer,0.0001433037190650288,0.0022541381104483633,0.0017597377075959026,0.0004658152861695572,0.00034000037240442996,0.9950370048043167
Alison Brie,0.0005050448020748721,0.0032576864181191817,0.0011375169793077942,0.005873428700714314,0.00033201807369203566,0.9888943050260918
Jay Ellis,0.0007536582581353093,0.005139764695678418,0.00581265664959729,0.07287675817767028,0.0020358021824942282,0.9133813600364246
Kiersey Clemons,0.0015456401525502962,0.005660694790815018,0.004097475126156608,0.1666944490624658,0.0022984893595646818,0.8197032515084476
Danny Pudi,5.342476613974493e-05,0.024320320327406532,0.3063599395926951,0.003026506268732881,0.00016500130026411892,0.6660748077447617
Olga Merediz,0.00035450905429043557,0.5792044230654313,0.008817906792136046,0.009067946727158443,0.0007818831256846269,0.4017733312352992
Jennifer Lopez,0.0004201687073760182,0.7908648249535887,0.011920541718654436,0.004244971830539564,0.0026409095218734714,0.18990858326796772
Joseph Fiennes,0.0002188542638702992,0.026371672079068178,0.007876507109855482,0.013096518730006973,0.0005902315831505126,0.9518462162340485
Gael García Bernal,0.00023718390510626974,0.8968858826221557,0.010911647350818938,0.0013015243010512513,0.0011569938611144797,0.08950676795975333
Omari Hardwick,0.0008537654061523739,0.0013142794958096238,0.0012300742881801306,0.12319336601353945,0.0026746390792266937,0.8707338757170917
Paul Raci,0.0002016779692512159,0.015512474386979863,0.009584010651855282,0.019830635066802563,0.0005831247627237933,0.9542880771623873
Steff Ivory Conover,0.0003846380149031999,0.00565253307284237,0.0035943634266277103,0.011849757807708805,0.0013010739076149227,0.9772176337703029
Mischa O'Hoski,0.0006202896284333232,0.022983273670834876,0.018104591814602066,0.034583066317070844,0.00150599412865871,0.9222027844404003
Paul Krysinski,0.0006239282937893021,0.0011439021492707588,0.0019318914875457462,0.001369346879898182,0.00011936563112944454,0.9948115655583666
Ryan Brown,0.0006861253023827799,0.003297153865738367,0.0021787988272665365,0.09956650598596264,0.0021169718250268815,0.8921544441936228
Jeff William Campbell,0.0004529630266488515,0.0014621192736279584,0.001162717317243741,0.047193447907766486,0.0012576881995212286,0.9484710642751918
Noah Jupe,0.00013156201645745717,0.014726240586097825,0.0006675602220300561,0.0023015212239804947,0.00026303197781191954,0.9819100839736222
Mandy Patinkin,0.00016885751956607973,0.0081360019769172,0.008125755140394798,0.01082729072213234,0.0005340021474324157,0.9722080924935571
Brian Tyree Henry,0.0006307104153253369,0.00298131847912707,0.0021215446954063718,0.08215907477892198,0.0037950587975426465,0.9083122928336765
Sian Clifford,0.0005499932289514277,0.001835700674653265,0.006527434710405168,0.010722081795134173,0.003762667031960119,0.9766021225588958
Benedict Wong,0.001288522694023201,0.008671473866533783,0.9779098104171163,0.0012926191441497746,7.159201343279974e-05,0.010765981864744109
Reese Witherspoon,0.0010089405212935,0.00368402897833288,0.0011457366752876908,0.33156324788290764,0.001557732864771732,0.6610403130774065
Ashton Kutcher,6.405040251198778e-05,0.0031286680776795167,0.0003772832447365653,0.0024836705374756602,0.0005129677971605388,0.9934333599404357
Steve Zahn,0.00031880434608327966,0.0018547492514173062,0.0026330696609303266,0.000626492080793797,0.001104550271062331,0.993462334389713
Wesley Kimmel,0.00030091651755343005,0.001090380121379513,0.0013587904194981883,0.0015327618569706603,0.0006903065078491768,0.9950268445767491
Rachel Bloom,0.00033672393434042104,0.0034159828643455315,0.0017737060915689548,0.004327985695798369,0.0005651377885903038,0.9895804636253565
Luke Corcoran,0.0002509194026566117,0.0020425849845209622,0.0012599221982495567,0.000617879081410503,0.0009367723653487582,0.9948919219678136
Cristina Ryan,0.0006178480505950293,0.022299828265968925,0.0061375793536634455,0.0029351572996872744,0.0009125674645099122,0.9670970195655754
Aidan O Sullivan,0.0003055014489944135,0.0026022566513283995,0.0014982373868183566,0.01268532576033531,0.0009130676836741266,0.9819956110688495
Tadhg Devery,0.0001789919614861957,0.00310170900244808,0.0018793870139426178,0.002433597589058579,0.00014252346112115553,0.9922637909719434
Marybeth Herron,0.00046423673319780404,0.002709417674980885,0.0009883233013177086,0.04513203060945034,0.0009550904965682193,0.949750901184485
Krew Boylan,0.0004063541204605378,0.003255767834787374,0.005310545476253491,0.008947184507800288,0.002624554374023687,0.9794555936866747
Rose Byrne,0.00040046239420840553,0.008248059963871346,0.003660647650743324,0.0009682428534420276,0.0005384322398601421,0.9861841548978748
Bobby Cannavale,1.2864980333271527e-05,0.002220005705854176,0.00039268158799258347,0.0010028944332638428,4.716207962224904e-05,0.9963243912129338
Daniel Webber,0.0004701757108000577,0.011136105403422731,0.0030757892456666526,0.028017314295723864,0.0013061207401298485,0.9559944946042569
Celeste Barber,0.0005887274788753644,0.01361862429778672,0.0027075311370200338,0.05511324144985529,0.002700510720242831,0.9252713649162198
Sam Worthington,0.0006573580703225344,0.00299214808350961,0.004051251275099618,0.017538188090478156,0.001585472487931662,0.9731755819926584
Phoebe Tonkin,0.0008760594937744382,0.005222992518453726,0.013312942533549645,0.00045017542744707684,0.0003616779932187266,0.9797761520335564
Matt Nable,0.000961465415579942,0.004954625815031901,0.05969618362602052,0.030592046334304356,0.00041150970002984513,0.9033841691090334
Susie Porter,0.0005665004207844948,0.00666989344603862,0.00274880129159718,0.07283661995973839,0.0021434293556797553,0.9150347555261614
Edward Carmody,0.00033727762485088715,0.006080826719058022,0.0023618866699000717,0.0010574680388862024,0.0002256910017546145,0.9899368499455502
Mark Manson,0.0006909759462755133,0.006266732809077671,0.0021847666149888405,0.06298734253854497,0.0037492723611397415,0.9241209097299733
Nathan Price,0.0004653723868113199,0.0025636134448403735,0.0014606609946339016,0.052541753291474175,0.0014240729844310692,0.9415445268978092
Tom Blackwell,0.0005973633837189605,0.0011587522455532313,0.0012341614527395233,0.06983319281071203,0.0015399062007145127,0.9256366239065618
Matthew Metcalfe,0.00044637809404358215,0.0033835367549713553,0.0015281113612250847,0.01665288922914707,0.0012338039682945256,0.9767552805923184
Don Mancini,0.00023155077280510503,0.0019401120073545696,0.0011368917031713787,0.0005993759403563417,0.00023893818803498427,0.9958531313882776
Brad Dourif,0.00044522622379640454,0.007732617230522197,0.004499197651862284,0.034284081283847585,0.0015581040603805574,0.951480773549591
Jennifer Tilly,0.0003137853544395348,0.0041038353830925205,0.002144990736202608,0.020846905569777113,0.003171364855772861,0.9694191181007153
Tony Gardner,0.0006101228856668191,0.0069229053468261095,0.0047501658479759306,0.05750892973885155,0.0017893045651502346,0.9284185716155293
David Kirschner,0.00028925059965941274,0.00452569077065998,0.0007913704857263087,0.0005266050793664222,0.0008431690427339581,0.993023914021854
Kodi Smit-McPhee,0.000508410679155635,0.012617293526228323,0.010376472924765675,0.04106311762774994,0.0022231186167868955,0.9332115866253134
Isabelle Fuhrman,0.00023648448478081108,0.004263525610340947,0.0026354179487280086,0.0002815024148591711,0.0006986768858428656,0.9918843926554481
Virginia Madsen,0.00029930761991160557,0.006573123378613423,0.002099863154840954,0.0009818394748427898,0.0009544663936666026,0.9890913999781247
Danny DeVito,0.0003588254858899708,0.007709041288347563,0.0018074464506118591,0.00035930248822343296,0.00023527508940770106,0.9895301091975195
Evan Ross,0.0005428018850172777,0.0028834410643543903,0.001983890980300545,0.06309302376216683,0.0019179509679054453,0.9295788913402555
Robert Pattinson,0.00016082953492432188,0.0033598444844743875,0.0013579074538346146,0.0035141601772593753,0.0011070212609308465,0.9905002370885766
Mia Wasikowska,0.0006450708344534961,0.059215755931141895,0.10654234926967185,0.038257991157486675,0.0017681102415741789,0.7935707225656718
David Zellner,0.00040908916690656345,0.0028857779753843674,0.0014561777044158303,0.03469222876223566,0.0006889829285223489,0.9598677434625351
Nathan Zellner,0.00037485385187767904,0.0017373748472235403,0.0011249198217887567,0.03316463386331569,0.000706996933248034,0.9628912206825462
Robert Forster,0.0002556906873473763,0.002363771758471823,0.0012630126651384408,0.009937337322633005,0.0007347836444603814,0.985445403921949
Alexander Molony,0.00044027580419446526,0.0011291434058659205,0.0037633404734484376,0.0014441664193178415,0.0022023722782542705,0.9910207016189191
Ever Anderson,0.0008927232175586919,0.04235148297435252,0.00607098356745215,0.06639329780251581,0.0027519382986367484,0.881539574139484
Jude Law,0.0010852961969680527,0.005576388738859973,0.15255905889521873,0.08884369663148443,0.0010470998791851248,0.7508884596582838
Alyssa Wapanatâhk,0.0005394892760840018,0.07258045691039136,0.017138982097585163,0.030339227096811878,0.001807550224369653,0.8775942943947579
Jim Gaffigan,0.0005504450523174142,0.0004953266731998635,0.00041584605653122056,0.0015052754951657792,0.00019439120796262442,0.9968387155148231
Morten Harket,0.000114996984007254,0.0026244220780377945,0.0022263340067381707,0.001975855728750255,0.00035176943384154747,0.992706621768625
Magne Furuholmen,0.0001796100260380702,0.007938907802098152,0.005612056771064571,0.005879815301097714,0.0002945637593093883,0.9800950463403921
Pål Waaktaar,0.00010811351185187054,0.0016008450004166479,0.0009609683314537454,0.0009934413327105857,0.00029571994859255905,0.9960409118749747
Thomas Robsahm,0.00014755962535093934,0.004978442138288717,0.0043091766924014075,0.01038914314144515,0.00048781717630307,0.9796878612262107
Aslaug Holm,1.1265682263802843e-05,8.651575238526384e-05,0.00010987983715104022,3.741367388805267e-05,2.1807258169697656e-05,0.9997331177961422
Teagan Croft,0.0003162441938975035,0.0014822232747261229,0.0007017045979907503,0.01839304534007955,0.0008108234015847094,0.9782959591917214
Cliff Curtis,0.000475715981757908,0.0014975298416779765,0.001481684337196969,0.0461950800617665,0.0025015854809098312,0.9478484042966908
Anna Paquin,0.0005747635302324454,0.00404364072694139,0.0044693528733730425,0.0007873332135161425,0.010732626740240246,0.9793922829156966
Josh Lawson,0.0004605725743588398,0.002420999131501908,0.000680154696461184,0.05184977007606523,0.0012803240637121382,0.9433081794579008
Todd Lasance,0.0001269051181438584,0.002462432890236919,0.001335712227470338,0.009344286212400816,0.0004382824266746797,0.9862923811250734
Thomas Haden Church,0.00035454060194835827,0.0014272557665821607,0.0011913618355991122,0.01192798267051281,0.001265634419785207,0.9838332247055722
Dianna Agron,0.0006906015881585806,0.3177032918601679,0.01937032263622409,0.009775035843274731,0.00015208139708688798,0.6523086666750878
Sameerah Luqmaan-Harris,0.0017985748764717021,0.01010061821834986,0.039140456302539095,0.10894403654849869,0.0023329751342463334,0.8376833389198943
Alex Lehmann,0.0004199078989568117,0.012428422277079744,0.0032445153605896323,0.001712612158754687,0.0006710037737589159,0.9815235385308602
Chris Dowling,0.0002861232011937821,0.0032851324105306265,0.0011264510027056975,0.015877339256920527,0.0007650405900467355,0.9786599135386026
Julianne Moore,0.0005815614955303987,0.004947706469766137,0.0023846585716143683,0.06630534793567482,0.0014441299634504112,0.9243365955639639
Sebastian Stan,0.0014058539919749953,0.03088699228414949,0.011439906448301033,0.006429117405605417,0.0014572115394090861,0.9483809183305599
Justice Jesse Smith,0.0007538250806558047,0.003171621543215811,0.0015551468281720104,0.14934881883276474,0.0025304050351654486,0.8426401826800262
Briana Middleton,0.0005753771839150668,0.007976605537884146,0.0008161180031297985,0.11826239022175933,0.0012489045832138111,0.8711206044700978
John Lithgow,0.00047654141144932755,0.03307340348124258,0.0008920411101236231,0.0008971896284407467,9.802097793951733e-05,0.9645628033908042
Rachael Leigh Cook,0.00040369563170057914,0.002236027799492356,0.0008489971160366772,0.03146206881070376,0.001684848882511932,0.9633643617595546
Scott Ly,0.0041730005467882645,0.0025299748144102445,0.8856591042880226,0.01164250139415678,0.0003553791342515925,0.09564003982237045
Missi Pyle,0.00030570270464991284,0.0011730715703554351,0.0005348997521350558,0.0036787505100816776,0.0013769756024909683,0.992930599860287
Ben Feldman,0.0002567090480189018,0.0026779989602506104,0.0017662827205523143,0.0010789236790234987,0.00015672183860060914,0.9940633637535541
Andrew Barth Feldman,0.00024854471373251527,0.003958866872424078,0.0018484004895149978,0.0009973462667239958,0.0001409883850469412,0.9928058532725574
Jena Malone,0.0005565935450684922,0.003626530576085444,0.0020841887194309036,0.07192255110630104,0.0014932976256676772,0.9203168384274465
Cooper Koch,0.00021446158819754386,0.001010733484746888,0.0009808804666136344,0.0004803763671259003,0.0005050499855922826,0.9968084981077238
Jose Colon,6.20681136495432e-05,0.9892866760532444,0.0006138755777686607,0.0004088587163104195,0.0001098274686289693,0.009518694070397798
Mark Patton,0.0005273547747671539,0.0035274936577368117,0.001850225072429802,0.05097156543305639,0.001680619263320319,0.9414427417986895
Carter Smith,0.0004982527349096783,0.0014765606630342675,0.0012605695338174779,0.06871600861718517,0.002224223418297216,0.9258243850327561
Jon Michael Simpson,0.000523435345798807,0.002806825607096576,0.001736279691469776,0.05579086590389946,0.0018300886824172745,0.9373125047693182
Jeff McQuitty,0.0002838104888039017,0.0012906506743947529,0.0005684937975675734,0.016367182305003097,0.0003493405696289591,0.9811405221646017
Olivia Ducayen,0.0005800607657324,0.06533047340589938,0.018720682106665984,0.03897087254971336,0.001827248607443243,0.8745706625645455
Paige Evans,0.0004682168410189046,0.0015751886267270012,0.0005556354140288922,0.07127397475677415,0.0015326642623898748,0.9245943200990612
Dave Peniuk,0.00014749280616943358,0.005311632201383039,0.003483631050626917,0.009358696663620488,0.0004884491445841807,0.981210098133616
John Boyega,0.0005674616015751447,0.02695105108669104,0.01786564243692799,0.037341713677931404,0.0017565228754509142,0.9155176083214235
Jamie Foxx,0.0008768652659764578,0.002271967454267295,0.0015698811563444727,0.18052931298896574,0.004959394198303064,0.809792578936143
Teyonah Parris,0.0014458068479520927,0.011786894685791745,0.004592455641658323,0.0805816557888581,0.0029743126887740953,0.8986188743469655
Kiefer Sutherland,0.0005617804581226384,0.004839209098816629,0.0027886767134945433,0.02089884577782725,0.0019644342585512656,0.9689470536931877
David Alan Grier,0.0008264534301564451,0.005102988756832004,0.0023333714814533927,0.23521642373540366,0.0007588245928199154,0.7557619380033346
Taron Egerton,0.0006470267402839357,0.0007728114858445546,0.0002730330600125101,0.11286139687295778,0.0006566813566546671,0.8847890504842465
Nikita Efremov,3.0559338572582015e-05,0.0004292269276431817,0.0024540257065759005,0.0011541028202473331,4.379344569158684e-05,0.9958882917612695
Toby Jones,0.000678563567747888,0.0028240852079599046,0.001597212452005073,0.13277391100542454,0.0030332407902177996,0.8590929869766447
Sofya Lebedeva,5.9187072868104e-08,0.0012772418433673288,0.00018980447364354928,2.326051963716487e-06,1.18374145736208e-07,0.9985304500698068
Ben Miles,0.00066754707219037,0.003249281555406498,0.0027100664142682878,0.0983518110506109,0.0021345889087337447,0.8928867049987902
Alexander Skarsgård,0.00024100154086176037,0.043794911316828215,0.01106875395678209,0.01234070433668817,0.0006512585084416902,0.931903370340398
Mia Goth,0.0003709693191272099,0.0028124731316863084,0.006322980831335485,0.0018646389289530177,0.0011409830482287228,0.9874879547406692
Cleopatra Coleman,0.0011412200885301716,0.004648256150468161,0.0017794651306103438,0.26656031291162036,0.001806967191087664,0.7240637785276834
Thomas Kretschmann,3.249805243257164e-05,0.000951856543643866,0.0020700256186736024,0.0011327181819537583,0.00018058577205963238,0.9956323158312366
Amanda Brugel,0.0001480419802384193,0.01114686555259794,0.0025049024526560388,0.017771277964429174,0.0005061514143343841,0.967922760635744
Dionne Warwick,0.0005451185575797928,0.0021112579494353416,0.0008725653258188101,0.012330644727317522,0.0013833481590485956,0.9827570652807999
Burt Bacharach,5.682335257140132e-05,0.0037016702980104525,0.0004172592643489075,0.0009900221654752794,0.00013099472193952872,0.9947032301976545
Clive Davis,0.0008541939717721923,0.0016647275021264957,0.002298769930575642,0.14773181231231783,0.0021642301945925518,0.8452862660886153
Elton John,0.002152634978655404,0.007125769125464779,0.17643055035595506,0.10150013633853493,0.06639162855473418,0.6463992806466556
Gladys Knight,0.000976522582674151,0.027519152455092608,0.0051067015708435816,0.09947694753722319,0.002495070188608644,0.8644256056655578
Stephen Dorff,0.00025165396788552976,0.0014285312564620803,0.003619756367518707,0.001376526066846456,0.0006866141924613257,0.9926369181488259
Emile Hirsch,0.00040478280451390495,0.003735036474691624,0.0025865476765225192,0.002780053821765692,0.0003705902198678112,0.9901229890026384
Gigi Zumbado,0.00015820765016224468,0.6813684218601594,0.01913883120681173,0.0052626007265432,0.000522346099982858,0.29354959245634055
Tyler Sanders,0.0005292487422170234,0.0017463796793942593,0.0006627273397564741,0.09943297559715558,0.0020722911054752657,0.8955563775360014
Erika Ervin,0.0008590799565307602,0.026535698347205112,0.002613393596697012,0.11521502170399096,0.0020038065320893534,0.8527729998634869
Sophie Skelton,0.0005069630876536846,0.002629356852321255,0.005460845842320129,0.013797925718003761,0.0010760483080474986,0.9765288601916536
Stuart Brennan,0.00021611787606929303,0.0008639406849203279,0.001075920502307908,0.0015140296471747138,0.0005267848905229747,0.9958032063990048
"Bret ""The Hitman"" Hart",0.00035110755653215296,0.00115074567344311,0.0005631706675579733,0.02833427354957677,0.0013566376408267616,0.9682440649120632
Steve Johnson,0.0006104696279185251,0.002395632771757566,0.001627603108011805,0.09897887468799788,0.0021765486193720666,0.8942108711849421
Chris Watt,0.0005176623838024503,0.0033790617180849986,0.003238185204605114,0.03516470255606329,0.0020863248629666596,0.9556140632744774
Neville Brothers,0.0007495787053693877,0.0019090723279561552,0.0019681718548844877,0.06618224335757436,0.001925951229230516,0.927264982524985
Irma Thomas,0.0015499684417952363,0.07650874626051972,0.021070264086208157,0.12188762909663425,0.004782452914108685,0.7742009392007339
Ledisi,0.0003567246315733894,0.0188707330102323,0.017117625379752983,0.5007665961511375,0.0007134492631467788,0.4621748715641571
Snoop Dogg,1.4083311554264064e-05,0.008655248095871619,0.00490460599899541,0.06831448967647617,5.1518902933776024e-05,0.9180600540141688
G-Eazy,0.0005070870803242578,0.0663421503110992,0.038302139286907344,0.05708694343119308,0.0010141741606485156,0.8367475057298276
Lachlan Watson,0.0005792697086031337,0.0011899012799901803,0.001496466674326814,0.08800423650549752,0.002823876689059342,0.905906249142523
Michele Hicks,0.0004981918179633617,0.002429229697708372,0.0007813566421675391,0.06906518007315453,0.0018871965100186233,0.9253388452589877
Shunori Ramanathan,0.0011428457050804157,0.0011210673002261477,0.9721757107761336,0.0008483467549637387,0.0004215345768118896,0.024290494886784135
Brendan Meyer,0.0002402170093452348,0.0011375250977455756,0.0011931717686705764,0.0007716859997477379,0.00035361091846336957,0.9963037892060275
Nick Sandow,0.00019730607057866182,0.003638089144992153,0.01046084537643221,0.0016266350568139756,0.0025184747444483772,0.9815586496067346
Clayne Crawford,0.0005518674450184714,0.004783316256151693,0.0011859094022152019,0.06732358886945268,0.0013386598419309677,0.924816658185231
Jordana Brewster,0.0007137869278195355,0.007228519936722253,0.00137428998408853,0.04708406815874908,0.0020033978363658313,0.9415959371562548
Michael Raymond-James,0.0005388088631042515,0.030398121656790174,0.014748048007897663,0.036859796106213163,0.001635658607071067,0.9158195667589237
Jeffrey Dean Morgan,0.0005182959961118298,0.0038687881457594997,0.0025758483380399037,0.042695864330848946,0.0023246609874032075,0.9480165422018366
Colt Crawford,0.00046784972377242963,0.0011468352167826516,0.0005241760014257368,0.07160249142485843,0.00156520658669188,0.9246934410464689
Bob Odenkirk,0.0001655751240489431,0.005161904354960775,0.004203781452917715,0.027683417521471434,0.0007743341449327675,0.9620109874016683
Danny Huston,0.0005500768151165147,0.008454672543377702,0.0037043976631938183,0.02176543920301175,0.0013316441426427681,0.9641937696326575
Radha Mitchell,0.012458921516284001,0.004118332382870416,0.14137508185530084,0.08493094601478204,0.008086868769802323,0.7490298494609604
Rosie Fellner,0.0007671321778426931,0.02322922263525213,0.01036947070802201,0.0009235294443516155,0.0005386983413165168,0.9641719466932149
Cyrus Pahlavi,0.0004499982547019725,0.020913940841451133,0.021790164428741404,0.017464610228112756,0.0009375817028686953,0.9384437045441241
Channing Tatum,0.0006356238408705803,0.0022923747991568494,0.0013048711488956037,0.17119876780153545,0.002236701982034021,0.8223316604275075
Salma Hayek,0.010097516260448832,0.014734763694992572,0.023826704509300814,0.0014491075711966302,0.001063824194253195,0.948828083769808
Caitlin Gerard,0.00047125315231118144,0.0024178995697477913,0.0014428301523876999,0.01443146967433449,0.0007441763618886259,0.9804923710893302
Gavin Spokes,0.0017703253100597868,0.0021173520927558385,0.005230093618688289,0.016797868715774034,0.0003608326287155056,0.9737235276340066
Ayub Khan-Din,0.008489672142130606,0.017915674360978545,0.34978560154507166,0.06721431245941936,0.0026433762770706882,0.5539513632153291
Casper Van Dien,0.0010812268577537513,0.0017657440690352576,0.3886740053156927,0.006659240307108667,0.004415466538692382,0.5974043169117174
Elyse Dinh,0.001618644629949888,0.003627563634567606,0.9047907500042259,0.0008134916341938145,0.0006603942166982635,0.08848915588036459
Vivien Ngô,1.4762507668633035e-06,8.203143585709042e-05,0.9821985016519275,4.6197533782301595e-05,2.9920816134229954e-06,0.017668801046052944
Ian Alexander,0.0008655046367288254,0.006481976056568785,0.007076380606161467,0.10818607065142513,0.001885719483998504,0.8755043485651173
Megan Le,0.0026629201132805425,0.0032909306330124776,0.882324602750583,0.0033125267327995048,0.0002792976467072468,0.1081297221236172
Olivia Colman,0.0006475358490802836,0.028296866834728516,0.003425430975300639,0.07778583919879832,0.0013057316755550117,0.8885385954665371
Micheal Ward,0.0006317311072656303,0.002717708786036501,0.0013838420199039122,0.08414773248555367,0.002711817269081074,0.9084071683321593
Colin Firth,0.0002976595401043001,0.0005484317271408631,0.002782706335383842,0.0009983867157094472,0.0004905519245278179,0.9948822637571336
Crystal Clarke,0.0008239578099656952,0.012468096707183511,0.001855023847158974,0.11189642853653342,0.001143659561142749,0.8718128335380156
Stephen Moyer,0.0002614554992657943,0.0011805652169202888,0.001374470893650877,0.005954326014541363,0.0006088901326348856,0.9906202922429869
Colm Meaney,7.667301769014141e-05,0.0005473781059023673,0.000572272806044187,0.00027363836493773014,0.00023281757502171253,0.9982972201304038
Clare-Hope Ashitey,1.6099946019719324e-05,0.0008516871444431522,0.0007325475438972292,0.39483768295931476,3.219989203943865e-05,0.6035297825142856
Kris Johnson,0.0007006761102100848,0.003426329561506786,0.002571729057488181,0.09534968561716409,0.0023934067407188524,0.895558172912912
Sadie Jean Shirley,0.0004530291197117911,0.002863884909170286,0.0009295787641488186,0.025147464701968648,0.008275204011706816,0.9623308384932937
Adam Pally,2.082725113194686e-05,0.003970492432295368,0.019126993157302912,0.19713025227296876,5.5500892363114724e-05,0.7796959339939379
Reid Scott,0.0006246438146505368,0.0016375973824715258,0.001356057518311126,0.0974694525371819,0.002649013431199922,0.896263235316185
Rhys Coiro,0.00044064737439113383,0.003951165319586373,0.0007724086235814388,0.0009142350340888497,8.880951670865578e-05,0.9938327341316435
Peter Grosz,0.00036347351199884925,0.0026338096209834226,0.002526855189229428,0.0006618472671033983,0.0006072108875907224,0.9932068035230942
Bruce Willis,0.0005549906089082012,0.0012000439315027823,0.0014888660238682842,0.09111691082182603,0.002659303175090493,0.9029798854388041
Lochlyn Munro,0.00042024547943586424,0.006853366575191175,0.00878267171199769,0.010414925796635582,0.0009470472879097173,0.97258174314883
Willow Shields,0.00047752780675315055,0.002016743342421105,0.0015595765357834762,0.04867030804948848,0.0036747271538939306,0.94360111711166
Jack Kilmer,0.0002869107403000592,0.001416825628687339,0.0023339318686286994,0.0008342565188532935,0.0007133219246346295,0.9944147533188961
Alvaro Calderón,3.2345072754059807e-07,0.9940805070391475,9.27911777413385e-06,4.8006241730589905e-06,9.866505670062754e-07,0.005904103117610655
Kevin Hart,0.00046326088731772207,0.003298576134812399,0.0031609300344921454,0.03504722800964684,0.0014942654457058841,0.9565357394880251
John Travolta,6.96523956004183e-06,0.010677668418077211,0.01712786581803645,0.05085146842004494,2.1560229954324053e-05,0.9213144718743271
Nathalie Emmanuel,0.00921722500530665,0.11578732162517386,0.16060463055421184,0.3122171463202478,0.003530757166497795,0.39864291932856216
Josh Hartnett,0.00027756567667002244,0.0030331842396203006,0.0006538246336671984,0.0019012100150775687,0.0004378158376960121,0.9936963995972689
Jean Reno,0.0005435279547743998,0.00511205533565964,0.0034425014989121067,0.008749110345518327,0.0018910589638619843,0.9802617459012735
Julia Mayorga,0.0003460070709598188,0.8335509604392909,0.005168138907041171,0.0009136812536603974,0.0007258772424878795,0.15929533508655994
Katie Holmes,0.0005385557820258871,0.001941334823942469,0.0008472991106077198,0.10233719232532333,0.0016606589890494038,0.8926749589690511
Alan Cumming,0.00033707700896114235,0.004285086303782121,0.004225249933461582,0.01808392274750257,0.0016353827921311744,0.9714332812141613
Derek Luke,0.0006472480712510884,0.0028176501993680955,0.02197702116068614,0.040959001933845496,0.0024332420285738056,0.9311658366062754
Saundra Santiago,0.0012859769741415097,0.5802585632381922,0.02444209625368527,0.030675160843440453,0.0022454166836445907,0.3610927860068959
Nicolas Cage,0.001864420409989502,0.035340723217212246,0.004778972255505083,0.2128334569954941,0.0023118320487057575,0.7428705950730934
Ryan Kiera Armstrong,0.0005175839801838306,0.003028296587515267,0.0021379506595743903,0.05006078773328439,0.0018767573180620818,0.94237862372138
Clint Howard,0.0005521081231663017,0.001668058860213694,0.000815721223720822,0.09248285516416051,0.002116662164595785,0.9023645944641429
Abraham Benrubi,0.0005043407560052797,0.1538631485240381,0.020104046234274166,0.026498507050815828,0.0011204239534484493,0.7979095334814182
Nick Searcy,0.00047677479738462313,0.004674706029433768,0.0017272802780348962,0.06622988291532685,0.0006572568233532187,0.9262340991564666
Malin Akerman,0.000575807008961766,0.003966784324166135,0.0013371918064661985,0.00022764447697119894,0.00520468525569259,0.9886878871277422
Rob Corddry,0.00014006445110242965,0.005503410002875692,0.0024749262295958164,0.009678033431477348,0.0005012735393733077,0.9817022923455755
Jerry O'Connell,1.7502758622111879e-06,0.0003812739261340348,0.00044129964263765645,0.01461778063219822,6.001755538411968e-06,0.9845518937676294
Erinn Hayes,0.0004966939992108332,0.002151228672094593,0.0007724059069878105,0.07488339734106944,0.001846701787149258,0.9198495722934881
Ryan Hansen,0.0003233535629333891,0.002303107359573991,0.0022546612689631116,0.0008166622292117124,0.0008836278997592397,0.9934185876795586
Olivia Luccardi,0.00020726351782555117,0.04517523050845555,0.00668915165227958,0.013924817216669124,0.0006529005178316824,0.9333506365869385
William Baldwin,0.00041759496128124035,0.0024040904928840606,0.001339781908369964,0.0483715835037452,0.0018728827906788008,0.9455940663430407
Sam Quartin,0.0003263717382139439,0.021846873332277274,0.01518026231563851,0.03270398415854203,0.0007672070726357325,0.9291753013826924
Owen Campbell,0.0005529343540181128,0.002361632116538344,0.0023433464322324747,0.05807556976510681,0.0016077270653664165,0.9350587902667379
Virginia Rand,0.0004527697153159619,0.011656868624465046,0.0031976760897927817,0.03106526103565534,0.0007962185442332593,0.9528312059905376
Naomi Krauss,0.00036977960181747344,0.007914803508994758,0.0028368515612298925,0.0006409927350259051,0.00041448174771843547,0.9878230908452136
Goran Bogdan,2.349476654276785e-07,0.00011514479290789457,6.921723501516466e-05,2.4929281744069873e-07,1.6647650596795335e-07,0.9998149872550881
Adnan Maral,9.33278596460694e-05,0.005065898961303824,0.19576005930437074,0.00047844529014729863,2.6244372396421718e-05,0.7985760242121356
Artjom Gilz,2.7826892706710236e-06,0.00019682530963498424,0.00022226224815370563,0.0003384199605176315,5.565378541342047e-06,0.9992341444138816
Bahar Balci,1.3367133147219426e-09,2.1012635614675808e-06,5.343146139498419e-05,1.1508607897580368e-05,2.6734266294438853e-09,0.999932954657006
Tim Roth,0.00021662330736429872,0.0008201018159509727,0.0016008476412457942,0.0009497081682306691,0.0004014150053407247,0.9960113040618676
Jordan Oosterhof,0.00016841263697876577,0.010581841966540557,0.00353508570821623,0.02249823645975949,0.0005883550075570945,0.9626280682209478
Conan Hayes,0.0008490400746118781,0.003749592477903256,0.00682492847364241,0.07666669311886656,0.003076873413990306,0.9088328724409855
Abigail Laurent,0.0019180922442685164,0.027301885368564347,0.006353392385755887,0.12624811103693748,0.0008798282027020111,0.8372986907617717
Sage Klein,0.0002804473178532691,0.002334131716919931,0.0011103463561114295,0.0006582967073123484,0.0006713950738529874,0.9949453828279501
Bill Nighy,0.00013564429127558558,0.0026828985324070624,0.0026041551977221424,0.010113361285836698,0.000504468502171553,0.9839594721905869
Aimee Lou Wood,0.0003954690257079181,0.004939849170784714,0.0026150297812357914,0.011619699271177479,0.0016170703115357555,0.9788128824395583
Alex Sharp,0.0005626971736852035,0.011603664330309443,0.0036765943269597735,0.02545834845811866,0.002384295020047452,0.9563144006908795
Tom Burke,0.00031931616890781866,0.0011585447958930306,0.0016632495359664226,0.017075361234553242,0.0009053930127231877,0.9788781352519563
Adrian Rawlins,0.0012379737567191809,0.031079337717063466,0.010231135486857097,0.04851292736840203,0.001223266586101715,0.9077153590848566
Gideon Adlon,2.2073106365793878e-07,0.0067790783866104555,0.007046459580739123,0.2585462281564753,4.4146212731587756e-07,0.7276275716829841
Dylan Sprayberry,0.0003029668934342501,0.0008847318658445534,0.0007337012579444954,0.00011313130749143936,0.0007280014613955424,0.9972374672138897
Bethlehem Million,0.0036723044598951744,0.005883144620455093,0.004641382990206209,0.10947271912883492,0.0037452018333051945,0.8725852469673036
Jane Adams,0.0006364796639092383,0.003497848585357466,0.004234644375389134,0.05837460815991717,0.0017790861686642313,0.9314773330467627
John Hyams,0.00021718722423208234,0.003934979113647829,0.0027283799321713687,0.007967560173621073,5.183597917143943e-05,0.9851000575771562
Ralph Fiennes,0.00020317692452730617,0.033763674846334656,0.007008929839506462,0.012412893068906881,0.0006055003630628395,0.9460058249576618
Anya Taylor-Joy,0.0008192209019320009,0.03683216261638292,0.0324972564791511,0.04173131169925704,0.001758443907421756,0.8863616043958552
Nicholas Hoult,2.3859117653163714e-05,0.0010206091054485319,0.0008996686853047412,0.00478587160764873,0.0001139997377560565,0.9931559917461888
Hong Chau,0.00015292916701309256,8.63143920923509e-05,0.9992850905511894,1.069411223079979e-05,9.094674757098828e-06,0.00045587710271711627
Janet McTeer,0.00048627671327548816,0.001741233883384922,0.0019864594236525127,0.07059900645830496,8.791501279049848e-05,0.9250991085085917
Costa-Gavras,0.0,0.45566638435172196,0.000598093692886608,0.005892684049108647,0.0,0.5378428379062827
Jonas Mekas,0.000291053626486065,0.028383956661670574,0.016299467852327026,0.014281470026387081,0.0007596243893495541,0.9399844274437796
Patricio Guzmán,2.9496340631627825e-07,0.9952297635587394,1.3817246802533476e-05,5.1049198677245725e-06,8.776143564513672e-07,0.004750141696827448
Ken Loach,0.0005859327001906802,0.0005280757933015162,0.0023925055611113306,0.03751214951193116,0.0001612949706213496,0.9588200414628439
Bill Morrison,0.00040667301492473395,0.0009416220917225343,0.0010767981410058408,0.033751227062196694,0.0019116034759846556,0.9619120762141654
Morgan Saylor,0.00023430743256415296,0.001127733076050759,0.0004669102598384193,0.006603873417841807,0.0010164411864436744,0.9905507346272612
Myko Olivier,0.002470820561999482,0.05203134320469787,0.012520475302880158,0.08578066723348822,0.0010346840785964524,0.8461620096183379
Danilo Crovetti,0.0005911627011076895,0.18468895427930243,0.05608326842674722,0.0061640603237316125,0.0009926354146984917,0.7514799188544126
Keith Powell,0.0005232155800040716,0.0012113449889184162,0.0009336936130730602,0.08734372647992555,0.0012047777301844736,0.9087832416078945
Laura Coover,0.0002288619268840515,0.004988296213097187,0.0007119708705231015,0.0017605006948220243,0.0005723156254674102,0.9917380546692062
McKaley Miller,0.00033939542616166286,0.0011478623898500673,0.000882392750892208,0.017157744942319877,0.0009505013018500198,0.9795221031889261
Dermot Mulroney,0.00011701769130344352,0.0008748334148494468,0.0009754984544462125,0.0011231573071071221,6.640074505458953e-05,0.9968430923872391
Anne Heche,0.00018670643378362016,0.011278663497240427,0.008755954866714627,0.00994628354695452,0.0004924993114893741,0.9693398923438175
Brice Anthony Heller,0.00023584910736009873,0.001026537973149751,0.0007627558025875243,0.004271924279340381,0.00043431833825461784,0.9932686144993077
Wil Deusner,0.00020251073090832468,0.01606999794353576,0.009036177952589038,0.013003902956545238,0.000776237467902741,0.9609111729485188
Liz Cheney,0.0003924539439442882,0.008469733184848031,0.0020192102705880173,0.005992572922059474,0.0022249363195714555,0.9809010933589887
Nancy Pelosi,0.0002914758371243139,0.007803747075664897,0.0005059498260524342,0.0013322311992591724,0.0001678993351776172,0.9898986967267216
Steven Sund,0.00023532808480900222,0.006216614709974229,0.01222042804223202,0.00168238489843898,0.0013714081010765958,0.9782738361634693
Jules Naudet,0.00022145443100087827,0.018124040332990473,0.009002223251299613,0.012839834624923998,0.0006218259358105449,0.9591906214239745
Gédéon Naudet,2.032348172875758e-06,0.00012071150349968173,9.282643807433884e-05,0.008959683429165326,4.064696345751516e-06,0.9908206815847421
Clay Tatum,0.0005697023078946107,0.001695759134261455,0.00045610821262491674,0.14064383720093418,0.0021683710525831575,0.8544662220917018
Whitmer Thomas,0.0005128413215093275,0.005935408566594056,0.012957643912165417,0.4269139105954656,0.0011262742987085338,0.5525539213055571
Whitney Weir,0.0003498356572610484,0.0015820351332703473,0.0006140279249109219,0.021647432018858822,0.0006512749795894748,0.9751553942861094
Budd Diaz,0.0010681881129522566,0.446066903807348,0.02703129136009322,0.01228311862771566,0.00355975196832675,0.5099907461235641
Robert Longstreet,0.00032051025268408365,0.002422352509485578,0.001260277582626999,0.0706090310321847,0.004245685931153562,0.9211421426918651
August Maturo,0.0002804426884275799,0.00291624306972311,0.006104026206660588,0.0005491794509413315,0.0003938638826295823,0.9897562447016178
Ayelet Zurer,0.0001925866793745429,0.005421490536684701,0.00256387705038931,0.0033484593470679536,0.00031922613904621376,0.9881543602474373
Ken Duken,0.00016342512246033148,0.0038356859579180883,0.008780670704575359,0.01020149709866088,0.0004933648494933364,0.9765253562668921
Rebeka Rea,0.0008164504929235345,0.08053308048390737,0.016600918259791604,0.0026210428439711084,0.001019605976410106,0.8984089019429963
Lois Robbins,0.00033632341518270736,0.0010886993428311262,0.0007682311140190855,0.017588411942610165,0.0014209751051153343,0.9787973590802416
Peyton Elizabeth Lee,0.0010295353008531148,0.0018017260261357722,0.08457021605158313,0.08800510040054682,0.004100667821014519,0.8204927543998666
Milo Manheim,0.00017863459802912074,0.0030680734629166127,0.009871809299025692,0.0005288162612906979,0.001259707248326116,0.9850929591304117
Blake Draper,0.0003472618516940955,0.0013407217014938548,0.0005180284902924315,0.03857602588766512,0.0037777864780986917,0.9554401755907558
Monique A. Green,0.0007828985041988858,0.010347727481681045,0.0012309201573487195,0.20968051188509026,0.001935462842828221,0.7760224791288528
Arica Himmel,0.0001786069727381859,0.0010110097152265702,0.0003442873481928623,0.005391648975257208,0.00034720615884574246,0.9927272408297395
Sinqua Walls,0.0010696275125545859,0.006130116627666646,0.00381977561937307,0.08217961653466963,0.00186138579195684,0.9049394779137793
Jack Harlow,0.0002526506581804437,0.001236510701370823,0.002180072803285441,0.0022980044257281187,0.0013782649488406102,0.9926544964625946
Teyana Taylor,0.0007615011074683485,0.0016146834583436413,0.0004669665020305363,0.15690080933142833,0.0016153875588302564,0.8386406520418989
Laura Harrier,0.0002665390148321866,0.007798349307983636,0.0007366949859666154,0.0009183211238167743,0.0005569691991719248,0.9897231263682288
Vince Staples,0.0007034490190019939,0.006809580770608553,0.004941783901498003,0.047632428291869415,0.003492188549599881,0.936420569467422
Johnny Berchtold,0.0003035424166587238,0.008660221061889968,0.0027802016624446585,0.0013134398115541178,0.0006936447692037402,0.9862489502782487
Rob Lowe,0.0005183954106419668,0.00243240648260524,0.0038302006798298627,0.04680859753105973,0.0020723281048699222,0.9443380717909933
Kimberly Williams-Paisley,0.0005318031784053178,0.038384026586387746,0.011752362720082794,0.044212802000226877,0.0018066082618842221,0.903312397253013
Susan Gallagher,0.00025499541429029797,0.0018717078277956415,0.0015019112430970686,0.0011604794041802505,0.0004072937130914933,0.9948036123975452
Nick Peine,7.522932012357657e-05,0.0007324720088009585,0.0009417409474324288,0.0007036729825889166,0.00048541447497510616,0.997061470266079
Gary Busey,0.0007009489534670699,0.0007592476591839593,0.0013680229860667573,0.02738119089166397,0.0017184230605207867,0.9680721664490974
Don Stroud,0.0004387706431772147,0.0014726322947948077,0.00164543969557213,0.04311327727261515,0.0015109483644807859,0.9518189317293599
Charles Martin Smith,0.000539810119948436,0.0017271547639636524,0.0012895445530578225,0.08409540389842901,0.0019407523312208058,0.9104073343333802
William Jordan,0.0005603782927816586,0.004908501750018101,0.0016626029356304223,0.10191736761530067,0.001637412036297427,0.8893137373699718
Maria Richwine,0.0007561306909468523,0.02475603880041429,0.0022283075988175295,0.0004266598400267241,0.000500054990065051,0.9713328080797295
Cate Jones,0.000721741368351453,0.0027633176197113273,0.002166421683479991,0.11376918241288243,0.002305083085271821,0.878274253830303
Ben Hall,0.0005487012018137228,0.0025378385098212067,0.0026825998494401366,0.05696515866915211,0.0014733509347177381,0.9357923508350551
Mickey Reece,0.0006907601559397435,0.0030528248028275744,0.0019009779473988112,0.039436874071364904,0.008466683588330139,0.9464518794341389
Joe Cappa,0.00017748416144421607,0.019302473494825435,0.002998550925663636,0.0005621570148445172,0.00031887698289690926,0.9766404574203252
Leah N.H. Philpott,0.00040860771063426043,0.004682218739833133,0.0018125946952110038,0.01866596736716855,0.002551432183935099,0.971879179303218
Chris Hemsworth,0.0005929854029633977,0.0070836285010888265,0.0014127732186618332,0.001738510972202016,0.00011663981035289752,0.9890554620947309
Golshifteh Farahani,0.0035142492999203643,0.0131977633548163,0.011779156987477358,0.0006369655288832311,0.0003152634510358937,0.9705566013778669
Tornike Gogrichiani,4.17213866438539e-06,0.002648566086262156,0.0001898323092295352,0.0001639650495103458,8.34427732877078e-06,0.9969851201390049
Adam Bessa,0.0039476111831772374,0.023582915928729242,0.00791756226607632,0.0029276541633827076,0.0016934636077866577,0.9599307928508478
Daniel Bernhardt,0.0002994130817180224,0.011299705924680919,0.003133986466555083,0.0016779507145028242,0.0011633915161284943,0.9824255522964146
Ethan Hawke,0.0004958619594800453,0.0016609084728665842,0.0030067577142821418,0.002604262556950072,0.0013104607257091963,0.9909217485707119
James Cromwell,0.0007244075622856546,0.0018772776765068908,0.0012909287804499048,0.08821839423916678,0.004380225451038676,0.9035087662905521
Richard Jenkins,0.0006373603324846685,0.004204558703488882,0.0017113589241102565,0.11822707109938056,0.0013996027327792162,0.8738200482077564
James Rebhorn,0.00016903987538113426,0.006166231784256625,0.004714080135166594,0.03379214464857432,0.0005657074965886025,0.9545927960600327
Sam Shepard,0.0007626983513247408,0.0033382448039744423,0.004760422921604649,0.04865967706407865,0.0023709798288019807,0.9401079770302156
Andy Allo,0.0007831712997027586,0.016128460369191886,0.04413711803240316,0.016764766242386382,0.00019591450343455318,0.9219905695528813
Nomzamo Mbatha,1.6965062435076452e-07,9.094028587451907e-06,6.624698701749566e-05,0.9764111826477011,3.3930124870152905e-07,0.0235129673848208
Dominic Purcell,0.0005461061421176917,0.00850603287088499,0.007987879710337474,0.01644268068392103,0.001085333780190339,0.9654319668125484
Mustafa Shakir,8.930809421883709e-07,0.0002747737264169345,0.20195389849518916,0.19791536343804286,3.4159651451456626e-07,0.5998547296628943
Joanna Scanlan,0.0009547596298255959,0.01764800542715239,0.03809905168354171,0.0021597294667740916,0.000692155308873322,0.9404462984838329
Nathalie Richard,0.0010393782184690114,0.024375123670624534,0.007016897819384767,0.07672903635513381,0.0014234887110708247,0.8894160752253171
Talid Ariss,0.00024072925820783572,0.01196564208591325,0.006933086411894575,0.026120439074842416,0.0010237543709674672,0.9537163487981745
Nasser Memarzia,8.581889038607447e-08,0.001861323257604276,0.0009602133021365008,0.005274429247394792,1.7163778077214895e-07,0.9919037767361933
Sudha Bhuchar,0.0014861608471036286,0.0047295059451602246,0.7990308110289193,0.005153004069345899,0.0007987826005783722,0.18880173550889257
Alisha Wainwright,0.0009614935904888931,0.0023299890084399894,0.0017903695056628538,0.0651514405264632,0.0011657787812869487,0.9286009285876581
Zach Gilford,0.0008416377985508888,0.0024821416327632934,0.0013920206453182631,0.22952454382015336,0.0013103430423221177,0.7644493130608921
Amanda Crew,0.0005531506231623758,0.0028048195790623823,0.000578411655017963,0.07089939920554626,0.0014772902792192827,0.9236869286579917
Carlos Santos,0.0008363604789966928,0.898767104794526,0.037477494972535226,0.001283015581858837,0.00044693005648773366,0.06118909411559564
Ramona Tyler,0.0009410106115026128,0.009558731218090423,0.0019099999772823804,0.10010435351558813,0.004469318907052166,0.8830165857704843
Jason Statham,0.00027704084569115967,0.001959226896548601,0.0015763531086685095,0.04036268332834736,0.0015127116390166776,0.9543119841817277
Aubrey Plaza,0.0007515358618462087,0.3627631638463678,0.026404947207836066,0.01302350048207614,0.0006006858994006597,0.5964561667024731
Cary Elwes,0.00015383049817398837,0.007626211206983182,0.004921282204960476,0.014461194782096901,0.0004985987029580093,0.9723388826048274
Bugzy Malone,0.0009555453713476741,0.0018600080320606595,0.0046870911725538904,0.14290076172674024,0.00927376094215985,0.8403228327551376
David Jonsson,0.000567827451473536,0.008351889230603008,0.002278866698671437,0.00332008939949827,0.0008949064589510397,0.9845864207608027
Vivian Oparah,1.1471139907668449e-05,0.001174979886611631,0.006884435448155076,0.3010464833309296,2.8505127045919858e-05,0.6908541250673501
Charlie Knight,0.000576429608635191,0.004113410985198058,0.0028605397020829383,0.06502897764420827,0.0018765971220799352,0.9255440449377956
Simon Manyonda,0.00034072085208263045,0.014568817100815009,0.028853955931441123,0.3442886062301751,0.0007257666438008281,0.6112221332416853
Levi Roots,0.0012023537459237205,0.005382004209636304,0.001773331504298935,0.18512386147938603,0.001407872162574487,0.8051105768981806
Mena Suvari,0.001073145433792102,0.009374526727280508,0.017620546215384586,0.010269779224206289,0.0008064295293274881,0.960855572870009
Maya Stojan,0.00043405626098504027,0.016450633411542345,0.01891565352062731,0.015104646815746336,0.0006431230462010329,0.948451886944898
Mickey Rourke,0.0004010519333709592,0.0023127676977032783,0.002031585728296211,0.0006394485373215879,0.0139498955632908,0.9806652505400172
Jessica Belkin,0.0002354014027348165,0.0023916325026579165,0.003765346072279846,0.001251617225572124,0.0008636048239238091,0.9914923979728314
Letitia Wright,0.0006911416208139827,0.0022334510450210637,0.0011355858784937117,0.14099775812803517,0.0019666783857437186,0.8529753849418923
Angela Bassett,0.00040872801638158567,0.005033549831112164,0.0024946171034252,0.028881472848331927,0.0012850381591871655,0.961896594041562
Lupita Nyong'o,0.0003485143713859703,0.4487863772183105,0.01481740581008595,0.19542367495035748,0.0018634323204806008,0.3387605953293795
Tenoch Huerta,2.833813961453901e-05,0.9911934048662191,0.0011592462545601348,4.6283955063846094e-05,0.00015139819037470004,0.007421328594167503
Danai Gurira,1.1746796985535079e-06,0.0036309649435048233,0.003216869444905699,0.01728297285556814,2.3493593971070157e-06,0.9758656687169256
Kevin Abrams,0.0004982923859013709,0.004417175150233537,0.0031340143910587154,0.06233492207467034,0.001441585346274965,0.928174010651861
Jamie Denenberg,1.591121474830943e-05,0.0009448627523469316,0.001323245093979675,0.0016603531489223602,9.530628387641681e-05,0.9959603215061262
Auriell Spiegel,0.0006318259402117526,0.010715677542486573,0.0024613704767310427,0.004940140621289892,0.0005972450591164532,0.9806537403601643
Maurice J. Gallagher,0.000353914961894462,0.0019877324558530483,0.0009839405360857168,0.002958816631670805,0.0005737822359654434,0.9931418131785306
Brendan Fehr,0.0002029390383348287,0.0014844077800838544,0.0010871256708209244,0.000304411551912307,0.00022864887658054786,0.9966924670822677
Dolph Lundgren,0.00027262327113685304,0.0019325905397369178,0.0019371517970559772,0.000541114612771521,0.0008545608280693387,0.9944619589512294
Luke Wilson,0.0005199271919841428,0.001955263059812974,0.0014721222877105101,0.06516799368053341,0.002233645192740027,0.9286510485872189
Nicky Whelan,0.00040329527198562664,0.00393605951927028,0.004697129876118436,0.0008540916937592401,0.0005164058493592258,0.9895930177895073
Scout Taylor-Compton,0.0005678365406111428,0.013772342146725639,0.012017422468255124,0.03870910246557352,0.0034454644349341183,0.9314878319439005
Will Martin,0.0004788937253711687,0.005859071862615143,0.0024445786228200813,0.04958233761316667,0.002294358483373697,0.9393407596926533
Will Madden,0.0003794804570128689,0.0017454500314800817,0.0014595210937506458,0.029139705292235352,0.0008763412726890261,0.9663995018528321
Michelle Veintimilla,0.00011115101324420495,0.4745903066637345,0.006307112432303152,0.005316231825625534,0.0005841259827300965,0.5130910720823625
Maria Decotis,0.0005903371747077369,0.010735258976691432,0.012614409779056132,0.002270060543652412,0.00025273043367359205,0.9735372030922187
Daniel Rashid,0.008135049091762638,0.023160917627715945,0.3637366913565793,0.0758615543411263,0.0006061935240420443,0.5284995940587737
Callie Hernandez,0.0006514416206026579,0.61081782990607,0.007904382780234791,0.007482536684299893,0.003974352076993667,0.3691694569317991
Ashley Denise Robinson,0.0007867527410667656,0.005683389251550007,0.0010712681736006224,0.18549609036544365,0.0014930097604799592,0.805469489707859
Andy Faulkner,0.0005726663545238339,0.005366111716692075,0.006573574676933466,0.03430281499385154,0.0012337851683958216,0.9519510470896032
Stephanie Hunt,0.0005423304281829477,0.007196611171199813,0.0017784613034585986,0.04892402972250332,0.0090511394205386,0.9325074279541168
Steven Bauer,0.0002593070411078905,0.0031347409495901964,0.002135732043820879,0.0007666845890207299,0.0006022436834641818,0.9931012916929961
Nia Peeples,0.0008219411142843101,0.0029390495289286817,0.002638972901275553,0.20264797659203504,0.001030789805317949,0.7899212700581585
Stephen Rea,0.0004003493931367296,0.0225347716426937,0.004475753250895284,0.003289478238618235,0.0008652020787491368,0.968434445395907
Ed Quinn,1.5703859773516227e-06,0.003331905458362689,0.00029363339459286073,0.11999423568587969,2.4398787138720076e-06,0.8763762151964736
Rachel DiPillo,0.00022748863974166627,0.0027833533270203844,0.0007324526456883615,0.0011921174311301749,0.00019520734725571683,0.9948693806091637
Aaron Paul,0.0008439227248444001,0.005083082697280169,0.01525714235644869,0.05005109147312654,0.004901065618434283,0.9238636951298659
Annabelle Wallis,0.0007998846347082188,0.01719286817646965,0.011667505674268467,0.00615952927077188,0.0026099507600009612,0.9615702614837808
Garret Dillahunt,0.0002643069110213351,0.0015998879555028604,0.003227910213661641,0.28655540845314653,0.0001751623909982388,0.7081773240756695
Chris Chalk,0.00038265569314791296,0.004685698067930949,0.0011871759141949998,0.052368513535442494,0.0008322160842739268,0.9405437407050098
Terry Chen,0.002130227111901103,0.0016605285989891774,0.9157372421567239,0.004165294600515558,0.00016789269514095706,0.07613881483672925
Javicia Leslie,0.0013309971641114863,0.007622755695873755,0.011259440191321444,0.05627681985043492,0.003082434973766787,0.9204275521244917
Pascale Hutton,0.001158787883352116,0.0030611710376901137,0.0015061335984364135,0.04579110535650141,0.0012817003968054776,0.9472011017272145
Vincent Gale,0.0007244529868199592,0.011066981884495584,0.014956829420486444,0.02648369434812153,0.001750031230440044,0.9450180101296365
Niall Matter,0.00014114942340324793,0.0007054863671038395,0.0008625784512931694,0.0016831367354035688,0.001022001731881272,0.9955856472909148
Aaron Douglas,0.0007439273652796955,0.006320870886930335,0.002052412722718044,0.11768295303613513,0.0019495204164493391,0.8712503155724874
David Harbour,0.0005730056324412631,0.005439805872798763,0.0010685858041961957,0.023064546885328604,0.0011958824649194817,0.9686581733403157
Jahi Di'Allo Winston,0.0019323745661825888,0.0011459198088402353,0.003386774980256998,0.5543748642539469,0.0008599865817590654,0.4383000798090142
Anthony Mackie,0.0005685250232663853,0.008339386089165039,0.0015792935161295936,0.043127225182580005,0.0010899545910923445,0.9452956155977665
Erica Ash,0.0004960627824352313,0.008599546637989236,0.0019579145284433696,0.04446909033312986,0.0013394224278449986,0.9431379632901573
Niles Fitch,0.00034112047892960907,0.0015663536887611925,0.0011937771507660887,0.023813354187367127,0.0038020664741645546,0.9692833280200115
Christian Bale,0.0006406837821726115,0.02448595994276876,0.021679699697760523,0.009241894996094983,0.00248903958133077,0.9414627219998724
Harry Melling,0.00022432814649540517,0.002107059103828975,0.0037845828214384644,0.001324492346885363,0.0009701807390350771,0.9915893568423166
Gillian Anderson,0.000573279456681765,0.0028340963615604148,0.002671174316881571,0.05509075561413422,0.0015812167972566362,0.9372494774534853
Lucy Boynton,0.0006347260610151084,0.00924288051819322,0.00436505633542098,0.03845985263812482,0.002319495165581229,0.9449779892816647
Robert Duvall,0.00038706305433840573,0.0030333306302708393,0.0008925575326832205,0.013605414141885815,0.0012395172132809939,0.9808421174275407
Scott Caan,0.0014607740553284952,0.001480688772853393,0.02247766494506469,0.011492770982333521,0.0033050605461806787,0.9597830406982392
Frank Grillo,0.0003512973798803768,0.04069627114942146,0.002213465604960474,0.0016937570793996938,0.00028022313495233665,0.9547649856513857
Marianne Rendón,1.709232743296919e-05,0.8006478140959641,0.0007515276580735079,0.0007273518909041428,4.2624036526540585e-05,0.19781358999109858
Taryn Manning,0.00042414487038027187,0.002001442740897833,0.0009925365758333845,0.056777756258577956,0.0017367441937759381,0.9380673753605346
Slaine,0.00012844598099887017,0.013238550264238593,0.009154814682493982,0.018765634143956073,0.00025689196199774034,0.9584556629663147
Matthew Palmer,0.0004451369504698836,0.0034921184093481454,0.0011762565360857937,0.040856521541927406,0.0016114018246730362,0.9524185647374956
Brian Gagliardi,0.00020021518281064838,0.0030755061189230424,0.0013207914348269654,0.0003003522121995975,7.1986367407418525e-06,0.995095936414499
Undine Buka,5.884190884547275e-06,0.005356753578565715,0.0010472049705849663,0.12557874983352674,1.899114117678788e-05,0.8679924162852612
Jim Cummings,0.0004968278140885184,0.0011764334763334637,0.0017147263109602805,0.04494157531201042,0.004886415556915591,0.9467840215296917
Natalie Metzger,0.0002721081710947864,0.005404890635893464,0.0016511619912118426,0.0013479305678111902,0.0005139071547983512,0.9908100014791904
Luciane Buchanan,0.001599701444122459,0.008408647081256672,0.002710099580626426,0.026555944578174,0.000967395220860112,0.9597582120949604
Matt Whelan,0.0002266133869752493,0.0013742797552059756,0.0006846936635997992,0.0006010814530693904,0.0003141958417321631,0.9967991358994174
Zara Nausbaum,0.0012692435175837772,0.015173234662449624,0.054338855723472974,0.011465187745193024,0.0007032668674788198,0.9170502114838218
Regina Hegemann,0.0003343835940614846,0.0036131725346462665,0.004477729433987594,0.0015635207183708041,0.0002002890683097097,0.9898109046506242
Jack Barry,0.0003505567938456538,0.001484365957140333,0.0028911317553954995,0.01672032871356857,0.0009009389595566835,0.9776526778204931
Reggie Jackson,0.0011590592751550967,0.0051158832939536105,0.0021973814374310957,0.36983284559581425,0.003520014515012779,0.6181748158826331
Derek Jeter,0.0008203885129738652,0.0032771751698352663,0.0016152966050337583,0.20270496105947658,0.0012560090014973975,0.7903261696511831
Alex Stapleton,0.0005162594792022803,0.011617790733185878,0.00337667364475017,0.02093582956418457,0.0010107682546408165,0.9625426783240363
Jason Cloth,2.5023862797333078e-05,0.004821245475197427,0.3857988603728373,0.0017228922968429332,8.092224104205658e-05,0.607551055751283
Daniel Crown,0.0003832876438487102,0.01313674276059889,0.004921320782553028,0.008709512167009544,0.0012876084402093065,0.9715615282057806
Charles Bronson,0.0004599849529996918,0.0017165128813118474,0.001812322689930099,0.06570018429504616,0.0015432591533631023,0.9287677360273491
Jill Ireland,0.00031297149360567597,0.0010919522845657488,0.0005505154794226159,0.012173254720515747,0.0008148711108538141,0.9850564349110363
John Huston,0.00045043242914552626,0.00298146719623036,0.0016218036890677065,0.020702965674803325,0.0010928664321976352,0.9731504645785554
Randy Quaid,0.00021795377505445056,0.006746354275262099,0.005882828948098079,0.004877500592017237,0.0015939278788281192,0.98068143453074
Jean-Christophe Klotz,0.0002650899448269139,0.00257954115451458,0.0016475731475457422,0.0009953566787504254,0.00021115384579937355,0.994301285228563
Céline Nusse,0.0001632112956230568,0.0067206737444679455,0.001500714407788529,0.004691623455868573,0.0007964717603553002,0.9861273053358965
Paul Rozenberg,0.0005975870123620154,0.002481175095782793,0.00043916796195089277,0.0005427528474654314,8.979812687551398e-05,0.9958495189555633
Sandra Schulberg,0.00029390920199721254,0.007316863744649107,0.0027648031392039397,0.003924940152473343,0.0002542091110119687,0.9854452746506644
Midori Francis,0.0031314224955868706,0.013967912635019205,0.07337176067407762,0.08828932711398721,0.005036903864723048,0.816202673216606
Jolene Purdy,0.0005517081632203975,0.0033318431383761895,0.004470194741229602,0.009719230407406847,0.0017131044485695862,0.9802139191011974
Michael Patrick Lane,0.00046688252061220884,0.0033321600454197862,0.0019385614508061321,0.0439866276599454,0.0017234590733259914,0.9485523092498904
Nicholas X. Parsons,0.00039678002307784867,0.0032133091679776033,0.0013586682039428634,0.007735058682503668,0.000991688883886238,0.9863044950386117
Nick Blood,0.0003961160927301964,0.001796902337146059,0.0007625105511846309,0.0028686240410552475,0.001712124254540247,0.9924637227233436
Emily Wiseman,0.00030932073491023355,0.002526259266028494,0.0014543307569530534,0.012793905389030594,0.0010378666422656989,0.981878317210812
Allan Corduner,0.0008437303195834004,0.07986981209389121,0.06075433292084157,0.032528630461701596,0.0018532281649526357,0.8241502660390296
Paul Kaye,0.0004400128257840196,0.0028813566276627367,0.003981357973569596,0.0037001971533938364,0.006288051175083183,0.9827090242445066
Daniel Ben Zenou,1.1027195714415362e-05,0.001396703728093775,0.0003581774320773598,0.0006360470442690754,3.06992961180077e-05,0.9975673453037274
Bloom Li,0.0007555839099319925,0.0015795666094831568,0.9821637213676241,0.0002957675332662884,5.307144169288602e-05,0.015152289138001545
Dexter Darden,0.0015261642961454166,0.008122619519976088,0.0035962380400564107,0.3775995630004208,0.0039565855497756,0.6051988295936257
Ben Wang,0.001021464847600763,0.0010541880604589334,0.9256951418366626,0.0009225549169639125,0.00012437355363969797,0.07118227678467426
Zoe Renee,0.0016979024113133853,0.035858129034965144,0.013154421465671537,0.07430738578788315,0.0037249243017710484,0.8712572369983957
Chase Liefeld,0.00014343364942852262,0.004915813168685171,0.0016528160155104947,0.01182607643566136,0.0005156967526157373,0.9809461639780986
Brandon Victor Dixon,0.0006802257110585767,0.0038145843655214584,0.0014767612165188268,0.15220926371394106,0.002555462534962272,0.8392637024579979
Naturi Naughton,0.0002046205589096453,0.0038377845855405274,0.0038623660728074544,0.02236886044412518,0.00028252858928490407,0.9694438397493322
Orlando Jones,0.0013112928288309068,0.05471128009392992,0.0046020813806134184,0.18764625711237684,0.005360719440438179,0.7463683691438108
Thomas Sadoski,0.0001568952505985694,0.0003071417486004781,0.0003766831981322533,0.0019353361856012722,0.00010988822869042283,0.997114055388377
William Fichtner,0.0002720434324359464,0.001001377228667607,0.002012757623694825,0.00111953656857505,0.0006428860657902382,0.9949513990808363
Jonah Hill,0.0008442964686594828,0.006750682464809023,0.0038736221469816094,0.09750901508635887,0.003177316012722562,0.8878450678204685
Lauren London,0.0005823039600798582,0.004060209064578867,0.0012320876865530587,0.10577381290136428,0.0015229796827510788,0.8868286067046728
Eddie Murphy,0.0004936858871387365,0.012795638441449838,0.002932709367972128,0.038950502445673205,0.00172051734325908,0.9431069465145071
Julia Louis-Dreyfus,0.0002660383602011518,0.053703118098867714,0.016703364729478698,0.02327768849440947,0.0007691235075249507,0.905280666809518
Nia Long,0.0006958277137046811,0.0036765704095925956,0.011116113494874902,0.06267586858504864,0.004063923041844199,0.9177716967549351
Robert De Niro,0.000560463066922042,0.006519708819362611,0.011285512758687756,0.0014307357094241167,0.0007721925962203006,0.9794313870493832
Jeremy Irons,0.0005795856743250634,0.002841724116251751,0.0017816035549080827,0.06635146232322321,0.002146926139449304,0.9262986981918426
Ray McAnally,0.00043742703175626526,0.004650209903160905,0.0017545898072391026,0.0005762823051766845,0.0020673426126528553,0.9905141483400142
Liam Neeson,0.00023497213704255397,0.001628145610101767,0.00044889271476378396,0.003992577923210767,0.0002199293577300012,0.9934754822571512
Aidan Quinn,0.0003359530860921195,0.002797178803547113,0.0017154909941032041,0.014981892223516065,0.0008001723348307312,0.9793693125579108
Kiernan Shipka,0.000351821012469516,0.0016586418053583189,0.0003084819023382294,0.0018519547950940265,0.002153099079573525,0.9936760014051663
Dash Mihok,0.00019849556468073016,0.004722843024209198,0.0012644155169857505,0.000635910532585898,0.0005956252630636656,0.9925827100984749
Charlie Plummer,0.0006016642705876568,0.00464001998059534,0.0026645441060557944,0.07420793641602559,0.004001127306553741,0.913884707920182
Alexandra Daddario,0.00033747337874667776,0.007647333765326836,0.0014054637513570237,0.0002545034110938759,0.00020361934997312775,0.9901516063435024
Brad Garrett,0.0004355269873552726,0.0008472707101167894,0.0003815519659770417,0.06182720507265185,0.0011250185423719392,0.9353834267215271
Gerard Butler,0.0008069970894963234,0.005998718802825468,0.0030827738819943335,0.09083987095964711,0.0019978506965253446,0.8972737885695113
Mike Colter,0.0007764389356544983,0.003252125571468057,0.0006683797335012119,0.11028579285973197,0.0012857250414485572,0.8837315378581958
Yoson An,0.00029676071990530396,0.0009026775222924658,0.9859736687639251,0.0003253520293134304,0.00026962133674482907,0.012231919627818945
Daniella Pineda,0.00022242792248349368,0.9290797017709056,0.026926701735004596,0.0009418276742947173,0.0003836896119939023,0.04244565128531771
Paul Ben-Victor,0.0005614583511984039,0.028347573516875262,0.019412431946673383,0.033314991297700054,0.0016233814185923415,0.9167401634689605
Sally Hawkins,0.0008882327873061331,0.004661351644886339,0.003502730927045377,0.09536455731336599,0.0017302946566914858,0.8938528326707047
Steve Coogan,0.00024841572646265765,0.0020593195563126873,0.002084412997590141,0.0005743367689687941,0.0004139596796157029,0.99461955527105
Harry Lloyd,0.0007032561655350179,0.002365473729324531,0.005070226017575077,0.06757368118147562,0.0011993126857398036,0.9230880502203499
Mark Addy,0.0004684996582264797,0.0027093459243886417,0.0053996831751187595,0.036503271168074114,0.0019668718140001405,0.9529523282601918
James Fleet,0.0004100221014315611,0.0016557020633871328,0.0007481824451888991,0.055254934752210313,0.0009116399248357143,0.9410195187129464
Remy Auberjonois,0.00043648961063696414,0.06102662084965726,0.024600852467942233,0.015290782082274128,0.0010584320951026029,0.8975868228943868
Bill Camp,0.00035521756479085136,0.0009506359012957964,0.0009706941318194091,0.021932432669717533,0.0012598267625777422,0.9745311929697987
Herman Chavez,0.0004925449317417953,0.8247766557470656,0.01613238938249533,0.001881766790235083,0.00806876289037548,0.1486478802580867
Bonnie Dennison,0.0004436973610407969,0.0017348333264880216,0.001413959790421793,0.017282358433712664,0.00654606731480778,0.972579083773529
Philip Ettinger,0.0005251881474155928,0.0016893576687565608,0.006634351936138496,0.0005361796191234399,0.0003242146614421874,0.9902907079671237
Phillipa Soo,0.008691652039370827,0.005362676581353158,0.5406291144424394,0.0026261990602113178,0.0008012868022354738,0.4418890710743898
Simu Liu,0.0007473030783900643,0.0003641185977773988,0.9950313153543914,7.820265297635888e-05,4.7837213822924024e-05,0.0037312231026419215
Luke Bracey,0.0006620759654719466,0.0016217681308865718,0.000899034836612878,0.2241482681323829,0.0009519917435358537,0.7717168611911098
Oceana Matsumoto,0.004419621553393801,0.01640765131122543,0.8556650509805572,0.001000849756940782,0.001508991181835662,0.12099783521604716
Michaela Conlin,0.00023200040356399513,0.0022215787736287566,0.0012857496944201022,0.00044219653073256175,0.0005347358812977997,0.9952837387163568
Kim Eul-boon,0.0005510243530386019,0.020108349427582838,0.03227937418764158,0.03667139123484569,0.0016841183228726983,0.9087057424740186
Yoo Seung-ho,0.0017633098124136186,0.022637920345010002,0.24017383317140897,0.03117907105844792,0.004510784263682889,0.6997350813490366
Kyung-hyun Min,0.0012879323860778432,0.001433436241721353,0.9450206517309332,0.00216934233458482,0.000905002166563277,0.0491836351401195
Eun-Kyung Yim,0.00028294605801297383,0.00011296646314418961,0.9965588637047343,3.0926492526170695e-05,2.131073468720056e-05,0.0029929865468951854
Dong Hyo-heui,0.0013911890924606124,0.03280775734651443,0.5237195404415427,0.01696177269610166,0.0016400348290895466,0.4234797055942912
Elliot Stocking,0.00035558621221209075,0.00259500892578543,0.0028056017568004483,0.010707732714825802,0.0015322721346386365,0.9820037982557376
Rosali Annikie,0.0002993046371754087,0.1325017111737221,0.018702662930119567,0.007698896544970219,0.0006564769589013953,0.8401409477551114
Jesyca Gu,0.000437603030880655,0.015478970187960763,0.9540938074297179,0.0014357829717327865,0.0009307178526244085,0.02762311852708343
Julianna Notten,0.0001745928572924482,0.028978806394564103,0.0049047507274024,0.008417115282360855,0.0005816705111630512,0.9569430642272172
Mélanie Laurent,5.693154497629399e-07,0.00010111471802500514,8.058745016804543e-06,2.15118629631629e-05,1.9270693735082722e-07,0.9998685526516079
Jack Huston,0.0004298189972174041,0.0014469451418593058,0.0019112058244894687,0.020144547961594473,0.0012035013695066126,0.9748639807053328
Martina Gedeck,0.0007281326452118814,0.0842330548561532,0.017687397549710798,0.037783092070575584,0.0021733992062394104,0.8573949236721092
Tom Courtenay,0.00019308266939480884,0.001708035367103691,0.0028823674253417443,0.019712390676299586,0.00011672847893003491,0.9753873953829302
Demián Bichir,0.00025668749340869814,0.07075276250319806,0.011679280950095764,0.010087818490961836,0.0005133749868173963,0.9067100755755183
Evan Whitten,0.0004095620134554037,0.0022311483953814837,0.0011167499760396712,0.01883562458118527,0.0009421906964845629,0.9764647243374536
Christian Slater,0.0006005484846246527,0.018612842968936102,0.004665269414975453,0.0424372624133843,0.0019152956270660799,0.9317687810910135
Ashley Ciarra,0.00026547017260708885,0.03540586682048355,0.008672360133566159,0.05881123839953588,0.0009039886169064496,0.8959410758569009
Nickolas Verdugo,0.0006457850478612193,0.7026718382540464,0.001785806438237704,0.0010680820327656966,0.007165278821757848,0.2866632094053312
Nan Goldin,0.0006973964359723434,0.002525271101671234,0.008321682561582082,0.002585452667133447,2.5098401455741913e-05,0.9858450988321852
Laura Poitras,0.00024008993064027686,0.005749877412088461,0.0004555991921845879,0.0005128732660518449,0.002980359893471549,0.9900612003055632
Howard Gertler,0.0002209725493524681,0.0006683504307611744,0.004427915247196925,0.0006781636240387125,9.496727877392293e-05,0.9939096308698768
